"ta","math_grade","spanish_grade","better_at_math"
"Phuong Vu",3.76347093272432,3.31397938063387,TRUE
"Yunwei Liang",2.92106463995243,3.79537424676651,FALSE
"Yubing Tian",3.99527770054324,3.38859109178262,TRUE
"Gavin Sreesangkom",3.54661064444236,3.96493953800452,FALSE
"Coco Li",3.86958570507315,3.93642490447699,FALSE
"George Zhang",3.70608858422722,3.49903289861154,TRUE
"Saurav Sawansukha",3.89055621228,4,FALSE
"YuYu Madigan",4,3.51463987431787,TRUE
